email,page,cookie,country
tincidunt.orci@Maurisvestibulum.org,tellus,A0BB229A-7F45-C09D-A81C-3BBB81FDE273,Macao
Quisque@elementumategestas.co.uk,Nullam,7DDDC6CF-A43F-E14C-794E-B4CA995D2EEC,Côte D'Ivoire (Ivory Coast)
scelerisque.lorem.ipsum@tellus.co.uk,"non,",FC2ECF6B-039F-6C24-2A2D-1A9325448D4F,South Georgia and The South Sandwich Islands
bibendum.sed@eunibhvulputate.co.uk,tellus,E1ECBA6E-E425-28C3-2B7D-17D0529D1565,Western Sahara
luctus.lobortis@turpisAliquamadipiscing.com,enim.,3EE0BD0B-B555-FD46-CC01-CE27CB45914D,Cyprus
elementum.lorem@lacus.ca,Phasellus,63D60FD2-BD40-80ED-4485-FACE44332D35,Greece
Quisque@senectusetnetus.ca,Nunc,78638207-138B-E750-CD79-3AEE38D89867,Sao Tome and Principe
auctor.nunc@enimSuspendisse.ca,imperdiet,A1253D16-A5D9-AE2C-EBD0-B7284935356C,Tuvalu
convallis.dolor.Quisque@lorem.edu,sem,60637727-752C-86BD-75F3-9762785D501C,Hong Kong
vulputate.velit.eu@nuncullamcorpereu.ca,neque,1A6FB45C-985A-9C28-F651-725DD4F9F0AF,American Samoa
lorem.sit@elementumsemvitae.org,Quisque,724230A1-8C5F-0D1D-BDD0-B3AC5EAC1B64,Yemen
ornare.egestas.ligula@cursusnonegestas.co.uk,lobortis,C46D4C2A-FC1B-DF9E-E8EB-0C6F6798C74B,Italy
Nulla.eu.neque@sitametorci.org,pellentesque,3DADE5F9-7670-ADCF-F386-A2C42D2E9AC5,Western Sahara
sit.amet@eleifendnuncrisus.ca,dolor,5696C9E3-823A-6E26-7D70-A42676FD3148,Congo (Brazzaville)
Proin@utodiovel.ca,"consequat,",2D080FD0-D8B8-536E-CA7E-7ACDF1A13566,Sierra Leone
adipiscing.elit@tempordiamdictum.ca,pellentesque,DD556F84-E176-0540-637A-011560A69F7E,Djibouti
augue.malesuada.malesuada@Nunc.org,erat.,9F33E794-B247-F053-979E-00CCB0F4B8EB,Benin
sed@eunulla.co.uk,et,02DFFF4D-9F72-20D8-88B9-F4A9FAFF5055,Saint Lucia
auctor@Vivamusrhoncus.edu,mattis.,E9D1737F-FFAB-CABB-3471-71A7470B70C2,Montenegro
at@mattis.co.uk,nec,A928305F-D485-1DCC-BB4B-124A8C8E9265,Bahrain
placerat.Cras.dictum@dapibusquam.com,faucibus,672EDEA9-06F0-BF72-4F10-0EB6FBB6C9FB,Germany
tellus.lorem@loremvitaeodio.ca,eu,F8CEA7E5-27F0-96C5-411C-BC237B976804,Saint Vincent and The Grenadines
facilisis.non.bibendum@lectus.org,id,B9742197-79EF-689F-AE29-8D2517D0B6B6,French Guiana
Fusce@tinciduntaliquamarcu.co.uk,ipsum,2D94BC9E-153D-E2DA-3CB5-EA4E1841C8B7,Norfolk Island
placerat.velit.Quisque@nibhDonec.edu,dictum,C3561BB0-72D0-E200-4644-ECBA7EAD4B4A,Yemen
erat.eget@mauris.com,lacus.,3F6D5F18-1C83-ADA1-F53F-1F6465594AD3,Aruba
Sed.eget.lacus@liberoet.com,"aliquet,",A513C418-7271-B7C8-4387-0BF6E4D190D3,Taiwan
Nam@enimCurabitur.com,"et,",974FFED0-8706-3E93-5365-03F27B787CCC,Czech Republic
ipsum.Phasellus@nunc.edu,eget,BD1F261C-666B-AA6A-B97F-02F3BD262740,Sri Lanka
orci.luctus@pedeultricesa.com,"non,",CD0F6734-3046-B3C9-43EC-51376FE6FA3D,Finland
ipsum.sodales@Fuscediamnunc.net,mi,7F938385-E065-4085-44A4-69C58649FB4B,Moldova
tristique@orciin.edu,tincidunt,AB9A5EAA-9A55-BC80-9649-86881468B232,Liechtenstein
lobortis@erosnectellus.net,mi.,7C9A9770-13D6-5335-7D4E-9501E06B1C2C,Mauritania
eget@ornare.edu,adipiscing,E54E7387-57A8-CE8F-D9E5-2EA0184F5F91,Guernsey
Praesent.luctus.Curabitur@mifringilla.edu,eu,77534783-EE67-3C36-33ED-7F83D1C677B1,Guyana
ultrices.mauris.ipsum@justo.ca,eget,5EAF0C92-DF90-5EC2-F006-91FEE813A7B8,Ghana
Ut.semper@penatibus.org,nec,FBCB22B7-BA99-2806-743E-7AF69D5D6F1C,Maldives
metus.In@dolor.com,torquent,ABD03CE4-AA7A-5AAA-6933-1E7028D34599,Cambodia
euismod.in@congueIn.ca,fermentum,2D862A59-182A-EB78-378B-A225D2C984B9,Czech Republic
Nulla.interdum.Curabitur@sit.edu,venenatis,FFCBC776-C7BB-1448-2849-C1E9462063D0,Micronesia
non.ante.bibendum@egetdictumplacerat.net,fringilla,F59A9103-E22C-26BF-22CB-0419118ADF16,"Virgin Islands, British"
laoreet.lectus@netusetmalesuada.co.uk,orci,A9B45B3D-8F7D-5562-3A89-BDF58FB584A9,Sint Maarten
metus.In@nislarcuiaculis.edu,tempus,9A40925F-2736-1000-1299-048B97AA270B,Spain
aliquet@nisl.co.uk,Duis,8E591F79-A576-490A-4C3B-939D20065F8A,Austria
orci.Ut.sagittis@sodalespurusin.net,"at,",845C183D-AACE-4453-8692-D6F8384E2008,Namibia
cursus@Donecporttitortellus.org,erat.,940EDC28-4A4B-8541-DC09-83564F051DB9,Comoros
Nulla@penatibusetmagnis.org,bibendum,3AA4D782-72D0-77DB-2A77-BF2C51B8EF5F,Guadeloupe
Etiam.imperdiet.dictum@magna.com,arcu.,F13B9663-609F-CC39-9703-A61261FDF351,Panama
semper@convalliserat.co.uk,ornare,DC837C16-177D-FE49-E7C1-153633C7C002,Yemen
sagittis.placerat@ipsum.com,pede,3ADAEAA2-B7AC-BAFF-1FB4-8D59315D0350,Slovakia
mus@Integer.net,venenatis,6D027603-E5BF-DB03-A415-4E44D609E980,Saint Barthélemy
elit.Etiam.laoreet@erat.co.uk,quis,B24697D4-063D-B2D5-AA28-B39BB7633CFC,Cayman Islands
mus.Proin@imperdietnec.edu,"ornare,",3B903517-1634-C3CD-302B-85313E5EF82B,Iraq
ornare@egestas.net,primis,B29409FC-4DC5-D2C9-FD69-23E855809508,Guatemala
Mauris@et.org,massa,36EEA722-FA92-3CD4-E0F6-5184AD83E2E8,Tonga
dictum@Etiambibendum.edu,nunc,127D4059-5E36-6EFB-5662-76E88D5B8A07,Germany
velit@egetvarius.com,libero.,30BE8D28-F87A-FD45-BE8C-B4C928A64393,"Saint Helena, Ascension and Tristan da Cunha"
turpis.Nulla@Vestibulumanteipsum.co.uk,et,9655858D-7898-7EA4-2C9E-E72AD8E13E43,Maldives
volutpat.ornare.facilisis@nonummy.org,porttitor,906B1881-EA22-2872-28F6-EC973D032FC3,Kiribati
ipsum.Phasellus.vitae@metusAliquam.net,neque.,1962A772-0BA9-5F93-8BCB-EFCB9D14488A,Cocos (Keeling) Islands
mi.ac@turpis.org,nec,0BBBBD4B-F0DD-9613-49CD-122385E03EAC,Norfolk Island
vitae@in.edu,mi,6076E0AF-C784-A1B7-FC7A-474166A05E24,Burundi
sit.amet@loremacrisus.edu,"adipiscing,",0B4EB177-C0D6-CA0D-E97B-2536833C91C9,United Arab Emirates
libero.et@Aliquamornarelibero.co.uk,Vivamus,FDFAA127-748E-D31D-2D90-DCE1A025DC47,Armenia
facilisis@odioNam.co.uk,nunc.,7C194934-1F83-3420-87FC-363225728E27,Eritrea
Phasellus.elit.pede@enimnonnisi.com,"lorem,",564195CE-218F-F169-F591-B05103DF1329,Saint Pierre and Miquelon
Praesent.eu@convallisante.co.uk,faucibus,91D573FD-42D6-36AB-2442-D0E082BD948C,Slovakia
augue@massa.net,sit,3FD134B2-3820-121D-8599-6980567EC13E,Japan
sit@sagittissemperNam.edu,lacus.,9CEEE2D4-B75E-3BCF-1B19-2AF50405EACD,Lebanon
consectetuer.ipsum.nunc@nullaIntegervulputate.edu,nibh.,894A9A4A-0441-1052-1FF4-1527E49BA8A5,British Indian Ocean Territory
purus@ipsumdolor.edu,nec,972124E5-4B1B-D75A-0232-9BF3A5C0266C,Montenegro
porttitor.vulputate.posuere@venenatislacusEtiam.ca,Nullam,11BAB997-76B7-17AA-7C23-8BF8DAD9EDC0,Iran
magna.a@non.net,massa.,39A7ECC8-AB67-1B73-71BD-1F81EB58F025,Anguilla
nunc.sed@risus.org,malesuada.,0C6F5E18-0CF6-4A3B-4930-3FB60452527D,Monaco
natoque.penatibus.et@Etiam.co.uk,Praesent,04C86751-D71C-41F2-7347-6D5899CBA504,Belgium
arcu.et.pede@blanditcongue.co.uk,sagittis,A1CC06C9-F60F-5A39-7CA9-FB8374461543,Bermuda
amet.consectetuer.adipiscing@diamProin.net,mauris,EC713D27-F9E0-74C4-6683-0C1400DE99B6,Antarctica
luctus@nuncnulla.ca,a,15D31F3C-A329-52C4-E1D0-4F42702130C4,Cameroon
eu@nislsemconsequat.co.uk,Phasellus,05DC373D-F795-0EDC-94C8-5929BF7D7106,Timor-Leste
neque.Sed.eget@non.ca,"urna,",D771C462-EE67-5565-79EC-1EC3C51F1B2E,United Kingdom (Great Britain)
metus.Vivamus@sedpedenec.org,sapien.,6C1050CA-AAB1-9C1D-BFD9-A7C261B73638,San Marino
blandit.enim.consequat@cursus.co.uk,fermentum,F3C56669-C2EA-6672-453A-C6D596F2D83C,Namibia
libero.dui.nec@egestasAliquamnec.net,sit,F2FE8D0D-0E91-DD8F-43A6-3790DD79567A,Czech Republic
mauris.erat.eget@senectus.com,Fusce,3CA9E638-3A51-767B-A446-6D8389B1AE0D,Colombia
erat@Cras.net,dolor,6BA1E061-75CD-9FB5-AE4D-6CEA05987B64,Myanmar
dapibus.gravida@pharetraut.ca,dictum.,184EDC67-B43C-0695-6F91-864869322A22,Bermuda
tincidunt.vehicula@sed.net,sed,1577461D-97ED-39D3-7A97-01BF19FB7B06,Svalbard and Jan Mayen Islands
convallis@anteMaecenas.org,feugiat.,2CB5CE4F-299E-A8AA-9F4E-712E44525FD3,Macedonia
ultrices@dapibus.co.uk,"sed,",EC1D615F-C432-38C6-DF50-4E5FBAFA6773,Ireland
felis@amet.co.uk,"elementum,",8E784E49-B80D-369C-98C6-7C00B0356383,Pitcairn Islands
Nunc.ac@duiSuspendisse.ca,nunc,11250959-F22C-F088-742F-74D013B0DB0E,"Korea, North"
magnis.dis.parturient@MorbivehiculaPellentesque.com,"eu,",CE12437D-432B-5B10-5A89-8F34D2B7AE35,Andorra
enim.mi.tempor@acmattis.net,turpis.,1D313FA0-3135-1BF1-B0CD-F18957AD0469,Montserrat
semper.egestas.urna@luctuslobortis.ca,blandit,1DCE4240-2474-A4B7-BC05-E4079CEF5DE1,Nicaragua
varius.ultrices.mauris@ullamcorperDuisat.ca,"non,",FF18B4DC-D59C-94F9-46D6-EC7D5A322B75,Niue
molestie@Quisquefringillaeuismod.net,magna.,CFCB1813-B32B-4D2A-1349-585821496A0A,Argentina
habitant@erosNam.edu,libero.,85C11FDF-4BB9-FF2C-AA32-3FFAA06882EF,Poland
in.hendrerit.consectetuer@bibendum.com,"orci,",03C62871-30AA-54DE-C265-FF4949531309,Pakistan
nulla.at@nec.com,per,D520AEDB-6CA1-0069-9924-1224E9B0F791,Canada
lacus.Etiam.bibendum@semPellentesqueut.co.uk,In,40623A72-093F-E3FC-D47E-689484C532F9,Kazakhstan